"AMPHIBIANS","BIRDS","BEES","BRYOPHYTES","BEETLES","MAY-STONE-CADDISFLIES","FISHES","FUNGI","BUTTERFLIES","LICHENS","MAMMALS","MOLLUSCS","DRAGONFLIES","GRASSHOPPERS","VASCULAR_PLANTS","REPTILES","SPIDERS"
"GUILDE.1","GUILDE.1","GUILDE.1","GUILDE.1","Overwinter_stage","GUILDE.1","GUILDE.1","Functional_group","GUILDE.1","THALLUS_type1","GUILDE.1","GUILDE.1","GUILDE.1","GUILDE.1","GUILDE.1","GUILDE.1","Ballooning"
"GUILDE.2","GUILDE.2","GUILDE.2","GUILDE.2","BodyLength_min","GUILDE.2","GUILDE.2","Fos","GUILDE.2","THALLUS_type2","GUILDE.2","GUILDE.2","GUILDE.2","GUILDE.2","GUILDE.2","GUILDE.2","BodyLength_mm"
"GUILDE.3","GUILDE.3","GUILDE.3","GUILDE.3","BodyLength_mm","GUILDE.3","GUILDE.3","Ter","GUILDE.3","THALLUS_type3","GUILDE.3","GUILDE.3","GUILDE.3","GUILDE.3","GUILDE.3","GUILDE.3","Cephalothor_length_mm"
"GUILDE.4","GUILDE.4","GUILDE.4","GUILDE.4","BodyLength_max","GUILDE.4","GUILDE.4","Aqu","GUILDE.4","THALLUS_type4","GUILDE.4","GUILDE.4","GUILDE.4","GUILDE.4","GUILDE.4","GUILDE.4","Cephalothor_height_mm"
"GUILDE.6","GUILDE.5","GUILDE.5","GUILDE.5","BodyWidth_mm","GUILDE.5","GUILDE.5","Arb","GUILDE.5","THA_Morpho_type1","GUILDE.5","GUILDE.5","GUILDE.5","GUILDE.5","GUILDE.5","GUILDE.5","Cephalothor_width_mm"
"GUILDE.9","GUILDE.6","GUILDE.6","GUILDE.6","Body_height_mm","GUILDE.6","GUILDE.6","Aer","GUILDE.6","THA_Morpho_type2","GUILDE.6","GUILDE.6","GUILDE.6","GUILDE.6","GUILDE.6","GUILDE.6","Activity"
"GUILDE.10","GUILDE.7","GUILDE.7","GUILDE.7","Head_length_mm","GUILDE.7","GUILDE.7","Substrate","GUILDE.7","THA_Morpho_type3","GUILDE.7","GUILDE.7","GUILDE.7","GUILDE.7","GUILDE.7","GUILDE.7","Hunting_guild1"
"GUILDE.11","GUILDE.8","GUILDE.8","GUILDE.8","Head_width_mm","GUILDE.8","GUILDE.8","_","GUILDE.8","THA_Morpho_type4","GUILDE.8","GUILDE.8","GUILDE.8","GUILDE.8","GUILDE.8","GUILDE.8","Arb"
"GUILDE.12","GUILDE.9","GUILDE.9","GUILDE.9","Eye_area_mm2","GUILDE.9","GUILDE.9","_","GUILDE.9","THA_Morpho_type5","GUILDE.9","GUILDE.9","GUILDE.9","GUILDE.9","GUILDE.9","GUILDE.9","Aer"
"GUILDE.13","GUILDE.10","GUILDE.10","GUILDE.10","Front_leg_length_mm","GUILDE.10","GUILDE.10","_","GUILDE.10","THA_Morpho_type6","GUILDE.10","GUILDE.10","GUILDE.10","GUILDE.10","GUILDE.10","GUILDE.10","_"
"GUILDE.14","GUILDE.11","GUILDE.11","GUILDE.11","Mid_leg_length_mm","GUILDE.11","GUILDE.11","_","GUILDE.11","THA_Morpho_type7","GUILDE.11","GUILDE.11","GUILDE.11","GUILDE.11","GUILDE.11","GUILDE.11","_"
"GUILDE.15","GUILDE.12","GUILDE.12","GUILDE.12","Hind_leg_length_mm","GUILDE.12","GUILDE.12","_","GUILDE.12","THA_Morpho_type8","GUILDE.12","GUILDE.12","GUILDE.12","GUILDE.12","GUILDE.12","GUILDE.12","_"
"GUILDE.16","GUILDE.13","GUILDE.13","GUILDE.13","Flight_capacity","GUILDE.13","GUILDE.13","_","GUILDE.13","THA_Morpho_type9","GUILDE.13","GUILDE.13","GUILDE.13","GUILDE.13","GUILDE.13","GUILDE.13","_"
"GUILDE.17","GUILDE.14","GUILDE.14","GUILDE.14","Elytra_length_mm","GUILDE.14","GUILDE.14","_","GUILDE.14","THA_Morpho_type10","GUILDE.14","GUILDE.14","GUILDE.14","GUILDE.14","GUILDE.14","GUILDE.14","_"
"GUILDE.18","GUILDE.15","GUILDE.15","GUILDE.15","Elytra_width_mm","GUILDE.15","GUILDE.15","_","GUILDE.15","THA_Morpho_type11","GUILDE.15","GUILDE.15","GUILDE.15","GUILDE.15","GUILDE.15","GUILDE.15","_"
"GUILDE.19","GUILDE.16","GUILDE.16","GUILDE.16","Wing_length_mm","GUILDE.16","GUILDE.16","_","GUILDE.16","THA_Morpho_type12","GUILDE.16","GUILDE.16","GUILDE.16","GUILDE.16","GUILDE.16","GUILDE.16","_"
"GUILDE.20","GUILDE.17","GUILDE.17","GUILDE.17","Wing_width_mm","GUILDE.17","GUILDE.17","_","GUILDE.17","THA_Morpho_type13","GUILDE.17","GUILDE.17","GUILDE.17","GUILDE.17","GUILDE.17","GUILDE.17","_"
"GUILDE.21","GUILDE.18","GUILDE.18","GUILDE.18","Wing_area_mm2","GUILDE.18","GUILDE.18","_","GUILDE.18","THA_Morpho_type14","GUILDE.18","GUILDE.18","GUILDE.18","GUILDE.18","GUILDE.18","GUILDE.18","_"
"GUILDE.22","GUILDE.19","GUILDE.19","GUILDE.19","Fos","GUILDE.19","GUILDE.19","_","GUILDE.19","THA_Growth1","GUILDE.19","GUILDE.19","GUILDE.19","GUILDE.19","GUILDE.19","GUILDE.19","_"
"GUILDE.23","GUILDE.20","GUILDE.20","GUILDE.20","Ter","GUILDE.20","GUILDE.20","_","GUILDE.20","THA_Growth2","GUILDE.20","GUILDE.20","GUILDE.20","GUILDE.20","GUILDE.20","GUILDE.20","_"
"GUILDE.24","GUILDE.21","GUILDE.21","GUILDE.21","Aqu","GUILDE.21","GUILDE.21","_","GUILDE.21","THA_Growth3","GUILDE.21","GUILDE.21","GUILDE.21","GUILDE.21","GUILDE.21","GUILDE.21","_"
"GUILDE.25","GUILDE.22","GUILDE.22","GUILDE.22","Arb","GUILDE.22","GUILDE.22","_","GUILDE.22","THA_Growth4","GUILDE.22","GUILDE.22","GUILDE.22","GUILDE.22","GUILDE.22","GUILDE.22","_"
"GUILDE.26","GUILDE.23","GUILDE.23","GUILDE.23","Aer","GUILDE.23","GUILDE.23","_","GUILDE.23","THA_Growth5","GUILDE.23","GUILDE.23","GUILDE.23","GUILDE.23","GUILDE.23","GUILDE.23","_"
"Reproductive_mode","GUILDE.24","GUILDE.24","GUILDE.24","Biotope_range","GUILDE.24","GUILDE.24","_","GUILDE.24","THA_Growth6","GUILDE.24","GUILDE.24","GUILDE.24","GUILDE.24","GUILDE.24","GUILDE.24","_"
"Diet","GUILDE.25","GUILDE.25","GUILDE.25","HAB_MesoGrass","GUILDE.25","GUILDE.25","_","GUILDE.25","THA_Growth7","GUILDE.26","GUILDE.25","GUILDE.25","GUILDE.25","GUILDE.25","GUILDE.25","_"
"Diet_Inv","GUILDE.26","GUILDE.26","GUILDE.26","HAB_DryGrass","GUILDE.26","GUILDE.26","_","GUILDE.26","THA_Growth8","Body_mass_g","GUILDE.26","GUILDE.26","GUILDE.26","GUILDE.26","GUILDE.26","_"
"Diet_Vert","Body_mass_g","Sociality","Growth","HAB_Shrubs","Reproductive_mode","OGp","_","Overwinter_stage","THA_Growth9","BodyLength_mm","Litter_size","Sex_dimporh","VegForm1","Tgroup_angio","Body_mass_g","_"
"Diet_Fruit","BodyLength_mm","Nesting","Life_form","HAB_Forests","Development","BLs","_","Wing_length_mm","THA_Growth10","Litter_size","Sexes","Territoriality","VegForm2","Tgroup_plant","Reproductive_mode","_"
"Diet_Nect","Reproductive_mode","Body_mass_g","Life_strategy","HAB_TallGrass","Longevity_max_y","CAT_Longevity_max_y","_","LARVA_Diet_range","THA_Growth11","Reproductive_mode","Reprod_cross","BodyLength_min","VegForm3","Life_form1","Longevity_max_y","_"
"Diet_Seed","Activity","Inter_dist_mm","Epiphyte","HAB_Wetlands","Transport_sws","Diet","_","LARVA_Diet_Grass","THA_Growth12","Age_at_maturity_y","Reprod_self","BodyLength_mm","VegForm4","Life_form2","Activity","_"
"Diet_Plant","Diet","TongueGuild","Seta_caps","HAB_Water","Transport_ses","Fos","_","LARVA_Diet_Herbs","THA_Pruinosity","Activity","Reprod_parthenog","BodyLength_max","VegForm5","Life_form3","Diet","_"
"Fos","Diet_Inv","TongueLength_mm","Peristome","HAB_Rocks","Stream_pref_lit","Ter","_","LARVA_Diet_Woody","THA_UpCol_black","Diet","Whorls","LARVA_BodyLength_min","VegForm6","Woodiness","Diet_Inv","_"
"Ter","Diet_Vert","GlossaLength_mm","Rhizoids","HAB_Human","Diet_min","Aqu","_","Aer","THA_UpCol_brown","Diet_Inv","Shape_oblong","LARVA_BodyLength_mm","VegForm7","Growth","Diet_Vert","_"
"Aqu","Diet_Scav","PrementumLength_mm","Perm_proto","Elev_Planar","Diet_par","Arb","_","_","THA_UpCol_white","Diet_Vert","Shape_globose_conical","LARVA_BodyLength_max","VegForm8","Leaf_type","Diet_Fruit","_"
"Arb","Diet_Fruit","Lecty","Mating_type","Elev_Colline","Respir_teg","Aer","_","_","THA_UpCol_yellow","Diet_Scav","Shape_depressed","BodyCol_black","VegForm9","SSD_mg.mm3","Diet_Nect","_"
"Aer","Diet_Nect","Ter","Sporophyte_freq","Elev_Montane","Respir_gil","Habitat","_","_","THA_UpCol_grey","Diet_Fruit","Shell_calcified_minus","BodyCol_blue","Diet","Diaspore_dispersal1","Diet_Seed","_"
"EcoTer","Diet_Seed","Aqu","Gen_length_y","Elev_Subalpine","Respir_pls","Feeding_habitat","_","_","THA_UpCol_red","Diet_Nect","Shell_calcified_plus","BodyCol_brown","Diet_Carniv","Diaspore_dispersal2","Diet_Plant","_"
"EcoFresh","Diet_Plant","Aer","Veg_propagules","Elev_Alpine","Respir_spi","Spawning_habitat","_","_","THA_UpCol_green","Diet_Seed","Shell_rudimentary","BodyCol_gray","Diet_Scav","Ter","Fos","_"
"EcoMar","Fos","Foraging_max_km","Vp_gem","_","Respir_ves","Flow_habitat","_","_","THA_UpCol_blue","Diet_Plant","Shell_close_operculum","BodyCol_green","Diet_Fungi","Aqu","Ter","_"
"MajorHabitat_1","Ter","Comm_max_km","Vp_tub","_","Respir_tap","Salt_habitat","_","_","Ascomata","Fos","Shell_close_epiphrag","BodyCol_orange","Diet_Root","Aer","Aqu","_"
"MajorHabitat_2","Aqu","Homing_max_km","Vp_bul","_","Respir_sur","Migration_type","_","_","ASCOMA_type1","Ter","Shell_close_calc","BodyCol_pink","Diet_Seed","HABfi_1.1","Arb","_"
"MajorHabitat_3","Arb","_","Vp_lea","_","Ter","Migration_dist","_","_","ASCOMA_type2","Aqu","Shell_close_nocalc","BodyCol_red","Diet_Leaf","HABfi_1.2","Aer","_"
"MajorHabitat_4","Aer","_","vp_bra","_","Aqu","_","_","_","ASCOMA_type3","Arb","Shell_close_noepiphrag","BodyCol_violet","Diet_Flower","HABfi_1.3","Verticality","_"
"MajorHabitat_5","Verticality","_","Ter","_","Aer","_","_","_","ASCM_link1","Aer","Shell_close_cap","BodyCol_white","Diet_Stem","HABfi_1.4","EcoTer","_"
"MajorHabitat_6","EcoTer","_","Aqu","_","Aqu_stage_lar","_","_","_","ASCM_link2","Verticality","Peri_structr_hairs","BodyCol_yellow","Diet_Grass","HABfi_2.1","EcoFresh","_"
"MajorHabitat_7","EcoFresh","_","Aer","_","Aqu_stage_nym","_","_","_","ASCM_link3","EcoTer","Peri_structr_scales","BodyColType_pigment","Diet_Woody","HABfi_2.2","EcoMar","_"
"MajorHabitat_8","EcoMar","_","HABsb_1.1.0","_","Aqu_stage_pup","_","_","_","ASCM_link4","EcoFresh","Peri_structr_ribs","BodyColType_pruinesc","Diet_Parasit","HABfi_2.3","MajorHabitat_1","_"
"MajorHabitat_9","MajorHabitat_1","_","HABsb_1.1.3","_","Aqu_stage_adu","_","_","_","ASCM_link5","EcoMar","Peri_structr_none","BodyColType_structur","Ter","HABfi_2.4","MajorHabitat_2","_"
"MajorHabitat_10","MajorHabitat_2","_","HABsb_1.2","_","Substrate_hpe","_","_","_","ASCM_Paraphyses","MajorHabitat_1","Aperture_peristome","BodyPatterns_plain","Aqu","HABfi_2.5","MajorHabitat_3","_"
"MajorHabitat_12","MajorHabitat_3","_","HABsb_1.2.1","_","Rhithral_pref","_","_","_","ASCP_PigmentCol1","MajorHabitat_2","Aperture_rib","BodyPatterns_spotted","Arb","HABfi_2.6","MajorHabitat_4","_"
"MajorHabitat_13","MajorHabitat_4","_","HABsb_1.2.1.1","_","Potamal_pref","_","_","_","ASCP_PigmentCol2","MajorHabitat_3","Aperture_armature","BodyPatterns_striped","HAB_MesoGrass","HABfi_2.7","MajorHabitat_5","_"
"MajorHabitat_14","MajorHabitat_5","_","HABsb_1.2.2","_","Temp_pref","_","_","_","ASCP_PigmentCol3","MajorHabitat_4","Aperture_simple","Flight_mode_flier","HAB_DryGrass","HABfi_2.8","MajorHabitat_6","_"
"MajorHabitat_15","MajorHabitat_6","_","HABsb_1.2.3","_","pH_pref","_","_","_","ASCP_PigmentCol4","MajorHabitat_5","Diet_detritus","Flight_mode_percher","HAB_Shrubs","HABfi_2.9","MajorHabitat_7","_"
"MajorHabitat_16","MajorHabitat_7","_","HABsb_1.2.4","_","Elev_Planar","_","_","_","ASCP_PigmentCol5","MajorHabitat_6","Diet_litter","Hindwing_length_mm","HAB_Forests","HABfi_3.1","MajorHabitat_8","_"
"MajorHabitat_17","MajorHabitat_8","_","HABsb_1.3","_","Elev_Colline","_","_","_","ASCP_PigmentCol6","MajorHabitat_7","Diet_pleuston","Wing_Pigment","HAB_TallGrass","HABfi_3.2","MajorHabitat_9","_"
"_","MajorHabitat_9","_","HABsb_1.3.2","_","Elev_Montane","_","_","_","ASCP_PigmentCol7","MajorHabitat_8","Diet_fungi","WP_symmetry","HAB_Wetlands","HABfi_3.3","MajorHabitat_10","_"
"_","MajorHabitat_10","_","HABsb_1.3.3","_","Elev_Subalpine","_","_","_","ASCP_PigmentCol8","MajorHabitat_9","Diet_lichen","WPCol_amber","HAB_Water","HABfi_3.4","MajorHabitat_12","_"
"_","MajorHabitat_12","_","HABsb_2","_","Elev_Alpine","_","_","_","ASCP_PigmentCol9","MajorHabitat_10","Diet_epiphyte","WPCol_black","HAB_Rocks","HABfi_3.5","MajorHabitat_13","_"
"_","MajorHabitat_13","_","HABsb_2.0","_","Elev_Nival","_","_","_","ASCP_PigmentCol10","MajorHabitat_12","Diet_endolithic","WPCol_blue","HAB_Human","HABfi_4.1","MajorHabitat_14","_"
"_","MajorHabitat_14","_","HABsb_2.1","_","Emergence_length","_","_","_","ASCP_PigmentCol11","MajorHabitat_13","Diet_moss","WPCol_brown","Elev_Planar","HABfi_4.2","MajorHabitat_15","_"
"_","MajorHabitat_15","_","HABsb_2.1.2","_","Geo_range","_","_","_","ASCP_PigmentCol12","MajorHabitat_14","Diet_algae","WPCol_iredesc","Elev_Colline","HABfi_5.1","MajorHabitat_16","_"
"_","MajorHabitat_16","_","HABsb_2.2","_","_","_","_","_","ASCP_Septa","MajorHabitat_15","Diet_plant","WPCol_orange","Elev_Montane","HABfi_5.2","MajorHabitat_17","_"
"_","MajorHabitat_17","_","HABsb_2.2.2","_","_","_","_","_","ASCP_Septa_type1","MajorHabitat_16","Diet_alive","WPCol_prunesc","Elev_Subalpine","HABfi_6.1","MajorHabitatSum","_"
"_","MajorHabitatSum","_","HABsb_2.2.3","_","_","_","_","_","ASCP_Septa_type2","MajorHabitat_17","Diet_scav","WPCol_red","Elev_Alpine","HABfi_6.2","PropUrbanArea","_"
"_","PropCroplandArea","_","HABsb_2.2.5","_","_","_","_","_","ASCP_Perispore_type1","MajorHabitatSum","Diet_carniv","WPCol_yellow","_","HABfi_6.3","PropCroplandArea","_"
"_","AnnuMeanTemp","_","HABsb_2.3","_","_","_","_","_","ASCP_Perispore_type2","PropUrbanArea","Fos","Diet","_","HABfi_6.4","PropPastureArea","_"
"_","TempSeasonality","_","HABsb_2.4","_","_","_","_","_","ASCP_Perispore_type3","PropCroplandArea","Ter","Ter","_","HABfi_6.5","PropRangeLandArea","_"
"_","Beak_Length_Culmen","_","HABsb_2.4.1","_","_","_","_","_","ASCP_Perispore_type4","PropPastureArea","Aqu","Aqu","_","HABfi_6.6","AnnuPrecip","_"
"_","Beak_Length_Nares","_","HABsb_2.5","_","_","_","_","_","ASCP_Perispore_type5","PropRangeLandArea","Arb","Aer","_","HABfi_6.7","TempSeasonality","_"
"_","Beak_Width","_","HABsb_2.5.1","_","_","_","_","_","PPhotobiont","AnnuMeanTemp","Aer","HAB_Ephemeral","_","HABfi_7.1","Elevation","_"
"_","Beak_Depth","_","HABsb_3","_","_","_","_","_","SPhotobiont","AnnuPrecip","EIV_Moisture","HAB_Lake","_","HABfi_7.2","RangeSize_km2","_"
"_","Tarsus_Length","_","HABsb_3.2","_","_","_","_","_","PPhotobiont_type1","TempSeasonality","Elev_Planar","HAB_Pond","_","HABfi_7.3","Venomous","_"
"_","Wing_Length","_","HABsb_3.2.1","_","_","_","_","_","PPhotobiont_type2","PrecipSeasonality","Elev_Colline","HAB_River","_","HABfi_7.4","Shape_pupil","_"
"_","Kipps_Distance","_","HABsb_3.2.2","_","_","_","_","_","PPhotobiont_type3","Elevation","Elev_Montane","HAB_Stream","_","HABfi_7.5","Fangs","_"
"_","Secondary1","_","HABsb_3.3","_","_","_","_","_","Fos","RangeSize_km2","Elev_Subalpine","HAB_Wetland","_","HABfi_7.6","Sex_determinism","_"
"_","Hand_Wing_Index","_","HABsb_3.3.1","_","_","_","_","_","Ter","Foraging_strata","Elev_Alpine","LARVA_Stillwater","_","HABfi_8.1","_","_"
"_","Tail_Length","_","HABsb_3.3.2","_","_","_","_","_","Aqu","_","_","LARVA_Watercourses","_","HABfi_8.2","_","_"
"_","_","_","HABsb_3.4","_","_","_","_","_","Arb","_","_","LARVA_Moor","_","HABfi_9.1","_","_"
"_","_","_","HABsb_3.4.1","_","_","_","_","_","Aer","_","_","Elev_Planar","_","HABfi_9.2","_","_"
"_","_","_","HABsb_3.4.1.2","_","_","_","_","_","HAB_1","_","_","Elev_Colline","_","HABfi_9.2.2","_","_"
"_","_","_","HABsb_3.4.1.3","_","_","_","_","_","HAB_2","_","_","Elev_Montane","_","HABfi_9.3","_","_"
"_","_","_","HABsb_3.4.2","_","_","_","_","_","HAB_3","_","_","Elev_Subalpine","_","HABfi_9.4","_","_"
"_","_","_","HABsb_3.4.2.1","_","_","_","_","_","HAB_4","_","_","Elev_Alpine","_","HABfi_9.5","_","_"
"_","_","_","HABsb_4.1","_","_","_","_","_","HAB_5","_","_","_","_","Geo_class","_","_"
"_","_","_","HABsb_4.1.1","_","_","_","_","_","Substrate_type1","_","_","_","_","EIVoa_Moisture","_","_"
"_","_","_","HABsb_4.1.2","_","_","_","_","_","Substrate_type2","_","_","_","_","EIVeu_Moisture","_","_"
"_","_","_","HABsb_4.2","_","_","_","_","_","Substrate_type3","_","_","_","_","EIVoa_pH","_","_"
"_","_","_","HABsb_4.2.1","_","_","_","_","_","Substrate_type4","_","_","_","_","EIVoa_Nitrogen","_","_"
"_","_","_","HABsb_4.3","_","_","_","_","_","Substrate_type5","_","_","_","_","EIVeu_Nitrogen","_","_"
"_","_","_","HABsb_4.3.1","_","_","_","_","_","Substrate_type6","_","_","_","_","EIVoa_Calcareous","_","_"
"_","_","_","HABsb_4.3.4","_","_","_","_","_","Substrate_type7","_","_","_","_","Elev_class","_","_"
"_","_","_","HABsb_4.3.7","_","_","_","_","_","Substrate_type8","_","_","_","_","Elevation_low","_","_"
"_","_","_","HABsb_4.4","_","_","_","_","_","Substrate_type9","_","_","_","_","Elevation","_","_"
"_","_","_","HABsb_4.4.2","_","_","_","_","_","_","_","_","_","_","Elevation_up","_","_"
"_","_","_","HABsb_4.5","_","_","_","_","_","_","_","_","_","_","Dispersal_min","_","_"
"_","_","_","HABsb_5","_","_","_","_","_","_","_","_","_","_","Dispersal_km","_","_"
"_","_","_","HABsb_5.2","_","_","_","_","_","_","_","_","_","_","Dispersal_max","_","_"
"_","_","_","HABsb_5.3","_","_","_","_","_","_","_","_","_","_","_","_","_"
"_","_","_","HABsb_5.3.2","_","_","_","_","_","_","_","_","_","_","_","_","_"
"_","_","_","HABsb_5.3.9","_","_","_","_","_","_","_","_","_","_","_","_","_"
"_","_","_","HABsb_5.4","_","_","_","_","_","_","_","_","_","_","_","_","_"
"_","_","_","HABsb_5.4.1","_","_","_","_","_","_","_","_","_","_","_","_","_"
"_","_","_","HABsb_5.4.5","_","_","_","_","_","_","_","_","_","_","_","_","_"
"_","_","_","HABsb_6","_","_","_","_","_","_","_","_","_","_","_","_","_"
"_","_","_","HABsb_6.1","_","_","_","_","_","_","_","_","_","_","_","_","_"
"_","_","_","HABsb_6.2","_","_","_","_","_","_","_","_","_","_","_","_","_"
"_","_","_","HABsb_6.2.","_","_","_","_","_","_","_","_","_","_","_","_","_"
"_","_","_","HABsb_6.3","_","_","_","_","_","_","_","_","_","_","_","_","_"
"_","_","_","HABsb_6.3.1","_","_","_","_","_","_","_","_","_","_","_","_","_"
"_","_","_","HABsb_6.3.7","_","_","_","_","_","_","_","_","_","_","_","_","_"
"_","_","_","HABsb_6.3a","_","_","_","_","_","_","_","_","_","_","_","_","_"
"_","_","_","HABsb_6.3b","_","_","_","_","_","_","_","_","_","_","_","_","_"
"_","_","_","HABsb_6.3c","_","_","_","_","_","_","_","_","_","_","_","_","_"
"_","_","_","HABsb_6.5","_","_","_","_","_","_","_","_","_","_","_","_","_"
"_","_","_","HABsb_6.6","_","_","_","_","_","_","_","_","_","_","_","_","_"
"_","_","_","HABsb_6.6.2","_","_","_","_","_","_","_","_","_","_","_","_","_"
"_","_","_","HABsb_6.6.3","_","_","_","_","_","_","_","_","_","_","_","_","_"
"_","_","_","HABsb_7","_","_","_","_","_","_","_","_","_","_","_","_","_"
"_","_","_","HABsb_7.1","_","_","_","_","_","_","_","_","_","_","_","_","_"
"_","_","_","HABsb_7.2","_","_","_","_","_","_","_","_","_","_","_","_","_"
"_","_","_","HABsb_7.2.1","_","_","_","_","_","_","_","_","_","_","_","_","_"
"_","_","_","HABsb_8","_","_","_","_","_","_","_","_","_","_","_","_","_"
"_","_","_","HABsb_8.1","_","_","_","_","_","_","_","_","_","_","_","_","_"
"_","_","_","HABsb_8.1.6","_","_","_","_","_","_","_","_","_","_","_","_","_"
"_","_","_","HABsb_8.2","_","_","_","_","_","_","_","_","_","_","_","_","_"
"_","_","_","HABsb_8.2.1","_","_","_","_","_","_","_","_","_","_","_","_","_"
"_","_","_","HABsb_9.2","_","_","_","_","_","_","_","_","_","_","_","_","_"
"_","_","_","HABsb_9.2.4","_","_","_","_","_","_","_","_","_","_","_","_","_"
"_","_","_","ROCKbet_substr","_","_","_","_","_","_","_","_","_","_","_","_","_"
"_","_","_","HUMUSbet_substr","_","_","_","_","_","_","_","_","_","_","_","_","_"
"_","_","_","BARKbet_substr","_","_","_","_","_","_","_","_","_","_","_","_","_"
"_","_","_","DEADWbet_substr","_","_","_","_","_","_","_","_","_","_","_","_","_"
"_","_","_","nWOODYbet_substr","_","_","_","_","_","_","_","_","_","_","_","_","_"
"_","_","_","ANIMALbet_substr","_","_","_","_","_","_","_","_","_","_","_","_","_"
"_","_","_","FORESTbet_substr","_","_","_","_","_","_","_","_","_","_","_","_","_"
"_","_","_","Elevation_up","_","_","_","_","_","_","_","_","_","_","_","_","_"
